﻿<?xml version="1.0"?>
<doc>
<assembly>
<name>
ProtoWebStorico
</name>
</assembly>
<members>
<member name="P:My.Resources.Resources.ResourceManager">
	<summary>
  Restituisce l'istanza di ResourceManager nella cache utilizzata da questa classe.
</summary>
</member><member name="P:My.Resources.Resources.Culture">
	<summary>
  Esegue l'override della proprietà CurrentUICulture del thread corrente per tutte le
  ricerche di risorse eseguite utilizzando questa classe di risorse fortemente tipizzata.
</summary>
</member><member name="P:My.Resources.Resources.view">
	<summary>
  Cerca una risorsa localizzata di tipo System.Drawing.Bitmap.
</summary>
</member><member name="T:My.Resources.Resources">
	<summary>
  Classe di risorse fortemente tipizzata per la ricerca di stringhe localizzate e così via.
</summary>
</member><member name="M:TipiDocumentoWs.TipiDocumento.#ctor">
	<remarks/>
</member><member name="E:TipiDocumentoWs.TipiDocumento.GetDataCompleted">
	<remarks/>
</member><member name="E:TipiDocumentoWs.TipiDocumento.GetDataByIdCompleted">
	<remarks/>
</member><member name="E:TipiDocumentoWs.TipiDocumento.GetDataByRagioneSocialeCompleted">
	<remarks/>
</member><member name="E:TipiDocumentoWs.TipiDocumento.CreateCompleted">
	<remarks/>
</member><member name="E:TipiDocumentoWs.TipiDocumento.UpdateCompleted">
	<remarks/>
</member><member name="M:TipiDocumentoWs.TipiDocumento.GetData">
	<remarks/>
</member><member name="M:TipiDocumentoWs.TipiDocumento.GetDataAsync">
	<remarks/>
</member><member name="M:TipiDocumentoWs.TipiDocumento.GetDataAsync(System.Object)">
	<remarks/>
</member><member name="M:TipiDocumentoWs.TipiDocumento.GetDataById(System.Int32)">
	<remarks/>
</member><member name="M:TipiDocumentoWs.TipiDocumento.GetDataByIdAsync(System.Int32)">
	<remarks/>
</member><member name="M:TipiDocumentoWs.TipiDocumento.GetDataByIdAsync(System.Int32,System.Object)">
	<remarks/>
</member><member name="M:TipiDocumentoWs.TipiDocumento.GetDataByRagioneSociale(System.String,System.Int32,System.Int32,System.Int32@)">
	<remarks/>
</member><member name="M:TipiDocumentoWs.TipiDocumento.GetDataByRagioneSocialeAsync(System.String,System.Int32,System.Int32,System.Int32)">
	<remarks/>
</member><member name="M:TipiDocumentoWs.TipiDocumento.GetDataByRagioneSocialeAsync(System.String,System.Int32,System.Int32,System.Int32,System.Object)">
	<remarks/>
</member><member name="M:TipiDocumentoWs.TipiDocumento.Create(TipiDocumentoWs.TipiDocumentoInfo)">
	<remarks/>
</member><member name="M:TipiDocumentoWs.TipiDocumento.CreateAsync(TipiDocumentoWs.TipiDocumentoInfo)">
	<remarks/>
</member><member name="M:TipiDocumentoWs.TipiDocumento.CreateAsync(TipiDocumentoWs.TipiDocumentoInfo,System.Object)">
	<remarks/>
</member><member name="M:TipiDocumentoWs.TipiDocumento.Update(TipiDocumentoWs.TipiDocumentoInfo)">
	<remarks/>
</member><member name="M:TipiDocumentoWs.TipiDocumento.UpdateAsync(TipiDocumentoWs.TipiDocumentoInfo)">
	<remarks/>
</member><member name="M:TipiDocumentoWs.TipiDocumento.UpdateAsync(TipiDocumentoWs.TipiDocumentoInfo,System.Object)">
	<remarks/>
</member><member name="M:TipiDocumentoWs.TipiDocumento.CancelAsync(System.Object)">
	<remarks/>
</member><member name="T:TipiDocumentoWs.TipiDocumento">
	<remarks/>
</member><member name="P:TipiDocumentoWs.MyHeader.SessionId">
	<remarks/>
</member><member name="P:TipiDocumentoWs.MyHeader.AnyAttr">
	<remarks/>
</member><member name="T:TipiDocumentoWs.MyHeader">
	<remarks/>
</member><member name="P:TipiDocumentoWs.TipiDocumentoInfo.IdTipoDocumento">
	<remarks/>
</member><member name="P:TipiDocumentoWs.TipiDocumentoInfo.TipoDocumento">
	<remarks/>
</member><member name="P:TipiDocumentoWs.TipiDocumentoInfo.UserName">
	<remarks/>
</member><member name="T:TipiDocumentoWs.TipiDocumentoInfo">
	<remarks/>
</member><member name="F:TipiDocumentoWs.Result.Exist">
	<remarks/>
</member><member name="F:TipiDocumentoWs.Result.Success">
	<remarks/>
</member><member name="F:TipiDocumentoWs.Result.Error">
	<remarks/>
</member><member name="T:TipiDocumentoWs.Result">
	<remarks/>
</member><member name="T:TipiDocumentoWs.GetDataCompletedEventHandler">
	<remarks/>
</member><member name="P:TipiDocumentoWs.GetDataCompletedEventArgs.Result">
	<remarks/>
</member><member name="T:TipiDocumentoWs.GetDataCompletedEventArgs">
	<remarks/>
</member><member name="T:TipiDocumentoWs.GetDataByIdCompletedEventHandler">
	<remarks/>
</member><member name="P:TipiDocumentoWs.GetDataByIdCompletedEventArgs.Result">
	<remarks/>
</member><member name="T:TipiDocumentoWs.GetDataByIdCompletedEventArgs">
	<remarks/>
</member><member name="T:TipiDocumentoWs.GetDataByRagioneSocialeCompletedEventHandler">
	<remarks/>
</member><member name="P:TipiDocumentoWs.GetDataByRagioneSocialeCompletedEventArgs.Result">
	<remarks/>
</member><member name="P:TipiDocumentoWs.GetDataByRagioneSocialeCompletedEventArgs.recCount">
	<remarks/>
</member><member name="T:TipiDocumentoWs.GetDataByRagioneSocialeCompletedEventArgs">
	<remarks/>
</member><member name="T:TipiDocumentoWs.CreateCompletedEventHandler">
	<remarks/>
</member><member name="P:TipiDocumentoWs.CreateCompletedEventArgs.Result">
	<remarks/>
</member><member name="T:TipiDocumentoWs.CreateCompletedEventArgs">
	<remarks/>
</member><member name="T:TipiDocumentoWs.UpdateCompletedEventHandler">
	<remarks/>
</member><member name="P:TipiDocumentoWs.UpdateCompletedEventArgs.Result">
	<remarks/>
</member><member name="T:TipiDocumentoWs.UpdateCompletedEventArgs">
	<remarks/>
</member><member name="M:DestinatariWs.Destinatari.#ctor">
	<remarks/>
</member><member name="E:DestinatariWs.Destinatari.GetDataCompleted">
	<remarks/>
</member><member name="E:DestinatariWs.Destinatari.GetDataByIdProtocolloCompleted">
	<remarks/>
</member><member name="E:DestinatariWs.Destinatari.GetDataByIdAnagraficaCompleted">
	<remarks/>
</member><member name="E:DestinatariWs.Destinatari.GetDataPagedCompleted">
	<remarks/>
</member><member name="E:DestinatariWs.Destinatari.CreateCompleted">
	<remarks/>
</member><member name="E:DestinatariWs.Destinatari.UpdateCompleted">
	<remarks/>
</member><member name="M:DestinatariWs.Destinatari.GetData(System.String)">
	<remarks/>
</member><member name="M:DestinatariWs.Destinatari.GetDataAsync(System.String)">
	<remarks/>
</member><member name="M:DestinatariWs.Destinatari.GetDataAsync(System.String,System.Object)">
	<remarks/>
</member><member name="M:DestinatariWs.Destinatari.GetDataByIdProtocollo(System.Int32)">
	<remarks/>
</member><member name="M:DestinatariWs.Destinatari.GetDataByIdProtocolloAsync(System.Int32)">
	<remarks/>
</member><member name="M:DestinatariWs.Destinatari.GetDataByIdProtocolloAsync(System.Int32,System.Object)">
	<remarks/>
</member><member name="M:DestinatariWs.Destinatari.GetDataByIdAnagrafica(System.Int32)">
	<remarks/>
</member><member name="M:DestinatariWs.Destinatari.GetDataByIdAnagraficaAsync(System.Int32)">
	<remarks/>
</member><member name="M:DestinatariWs.Destinatari.GetDataByIdAnagraficaAsync(System.Int32,System.Object)">
	<remarks/>
</member><member name="M:DestinatariWs.Destinatari.GetDataPaged(DestinatariWs.DestinatarioInfo,System.Int32,System.Int32,System.Int32@)">
	<remarks/>
</member><member name="M:DestinatariWs.Destinatari.GetDataPagedAsync(DestinatariWs.DestinatarioInfo,System.Int32,System.Int32,System.Int32)">
	<remarks/>
</member><member name="M:DestinatariWs.Destinatari.GetDataPagedAsync(DestinatariWs.DestinatarioInfo,System.Int32,System.Int32,System.Int32,System.Object)">
	<remarks/>
</member><member name="M:DestinatariWs.Destinatari.Create(DestinatariWs.DestinatarioInfo)">
	<remarks/>
</member><member name="M:DestinatariWs.Destinatari.CreateAsync(DestinatariWs.DestinatarioInfo)">
	<remarks/>
</member><member name="M:DestinatariWs.Destinatari.CreateAsync(DestinatariWs.DestinatarioInfo,System.Object)">
	<remarks/>
</member><member name="M:DestinatariWs.Destinatari.Update(DestinatariWs.DestinatarioInfo)">
	<remarks/>
</member><member name="M:DestinatariWs.Destinatari.UpdateAsync(DestinatariWs.DestinatarioInfo)">
	<remarks/>
</member><member name="M:DestinatariWs.Destinatari.UpdateAsync(DestinatariWs.DestinatarioInfo,System.Object)">
	<remarks/>
</member><member name="M:DestinatariWs.Destinatari.CancelAsync(System.Object)">
	<remarks/>
</member><member name="T:DestinatariWs.Destinatari">
	<remarks/>
</member><member name="P:DestinatariWs.MyHeader.SessionId">
	<remarks/>
</member><member name="P:DestinatariWs.MyHeader.AnyAttr">
	<remarks/>
</member><member name="T:DestinatariWs.MyHeader">
	<remarks/>
</member><member name="P:DestinatariWs.DestinatarioInfo.IdDestinatario">
	<remarks/>
</member><member name="P:DestinatariWs.DestinatarioInfo.RagioneSociale">
	<remarks/>
</member><member name="P:DestinatariWs.DestinatarioInfo.Indirizzo">
	<remarks/>
</member><member name="P:DestinatariWs.DestinatarioInfo.Matricola">
	<remarks/>
</member><member name="P:DestinatariWs.DestinatarioInfo.Citta">
	<remarks/>
</member><member name="P:DestinatariWs.DestinatarioInfo.Email">
	<remarks/>
</member><member name="P:DestinatariWs.DestinatarioInfo.Unita">
	<remarks/>
</member><member name="P:DestinatariWs.DestinatarioInfo.UserName">
	<remarks/>
</member><member name="P:DestinatariWs.DestinatarioInfo.FlagPignoramento">
	<remarks/>
</member><member name="P:DestinatariWs.DestinatarioInfo.PercorsoNas">
	<remarks/>
</member><member name="P:DestinatariWs.DestinatarioInfo.Cap">
	<remarks/>
</member><member name="P:DestinatariWs.DestinatarioInfo.UnitaPersona">
	<remarks/>
</member><member name="T:DestinatariWs.DestinatarioInfo">
	<remarks/>
</member><member name="F:DestinatariWs.Result.Exist">
	<remarks/>
</member><member name="F:DestinatariWs.Result.Success">
	<remarks/>
</member><member name="F:DestinatariWs.Result.Error">
	<remarks/>
</member><member name="T:DestinatariWs.Result">
	<remarks/>
</member><member name="T:DestinatariWs.GetDataCompletedEventHandler">
	<remarks/>
</member><member name="P:DestinatariWs.GetDataCompletedEventArgs.Result">
	<remarks/>
</member><member name="T:DestinatariWs.GetDataCompletedEventArgs">
	<remarks/>
</member><member name="T:DestinatariWs.GetDataByIdProtocolloCompletedEventHandler">
	<remarks/>
</member><member name="P:DestinatariWs.GetDataByIdProtocolloCompletedEventArgs.Result">
	<remarks/>
</member><member name="T:DestinatariWs.GetDataByIdProtocolloCompletedEventArgs">
	<remarks/>
</member><member name="T:DestinatariWs.GetDataByIdAnagraficaCompletedEventHandler">
	<remarks/>
</member><member name="P:DestinatariWs.GetDataByIdAnagraficaCompletedEventArgs.Result">
	<remarks/>
</member><member name="T:DestinatariWs.GetDataByIdAnagraficaCompletedEventArgs">
	<remarks/>
</member><member name="T:DestinatariWs.GetDataPagedCompletedEventHandler">
	<remarks/>
</member><member name="P:DestinatariWs.GetDataPagedCompletedEventArgs.Result">
	<remarks/>
</member><member name="P:DestinatariWs.GetDataPagedCompletedEventArgs.RecCount">
	<remarks/>
</member><member name="T:DestinatariWs.GetDataPagedCompletedEventArgs">
	<remarks/>
</member><member name="T:DestinatariWs.CreateCompletedEventHandler">
	<remarks/>
</member><member name="P:DestinatariWs.CreateCompletedEventArgs.Result">
	<remarks/>
</member><member name="T:DestinatariWs.CreateCompletedEventArgs">
	<remarks/>
</member><member name="T:DestinatariWs.UpdateCompletedEventHandler">
	<remarks/>
</member><member name="P:DestinatariWs.UpdateCompletedEventArgs.Result">
	<remarks/>
</member><member name="T:DestinatariWs.UpdateCompletedEventArgs">
	<remarks/>
</member><member name="M:MezziRicezioneWs.MezziRicezione.#ctor">
	<remarks/>
</member><member name="E:MezziRicezioneWs.MezziRicezione.GetDataPagedCompleted">
	<remarks/>
</member><member name="E:MezziRicezioneWs.MezziRicezione.GetDataByIdCompleted">
	<remarks/>
</member><member name="E:MezziRicezioneWs.MezziRicezione.GetDataCompleted">
	<remarks/>
</member><member name="E:MezziRicezioneWs.MezziRicezione.CreateCompleted">
	<remarks/>
</member><member name="E:MezziRicezioneWs.MezziRicezione.UpdateCompleted">
	<remarks/>
</member><member name="M:MezziRicezioneWs.MezziRicezione.GetDataPaged(System.String,System.Int32,System.Int32,System.Int32@)">
	<remarks/>
</member><member name="M:MezziRicezioneWs.MezziRicezione.GetDataPagedAsync(System.String,System.Int32,System.Int32,System.Int32)">
	<remarks/>
</member><member name="M:MezziRicezioneWs.MezziRicezione.GetDataPagedAsync(System.String,System.Int32,System.Int32,System.Int32,System.Object)">
	<remarks/>
</member><member name="M:MezziRicezioneWs.MezziRicezione.GetDataById(System.Int32)">
	<remarks/>
</member><member name="M:MezziRicezioneWs.MezziRicezione.GetDataByIdAsync(System.Int32)">
	<remarks/>
</member><member name="M:MezziRicezioneWs.MezziRicezione.GetDataByIdAsync(System.Int32,System.Object)">
	<remarks/>
</member><member name="M:MezziRicezioneWs.MezziRicezione.GetData">
	<remarks/>
</member><member name="M:MezziRicezioneWs.MezziRicezione.GetDataAsync">
	<remarks/>
</member><member name="M:MezziRicezioneWs.MezziRicezione.GetDataAsync(System.Object)">
	<remarks/>
</member><member name="M:MezziRicezioneWs.MezziRicezione.Create(MezziRicezioneWs.MezzoRicezioneInfo)">
	<remarks/>
</member><member name="M:MezziRicezioneWs.MezziRicezione.CreateAsync(MezziRicezioneWs.MezzoRicezioneInfo)">
	<remarks/>
</member><member name="M:MezziRicezioneWs.MezziRicezione.CreateAsync(MezziRicezioneWs.MezzoRicezioneInfo,System.Object)">
	<remarks/>
</member><member name="M:MezziRicezioneWs.MezziRicezione.Update(MezziRicezioneWs.MezzoRicezioneInfo)">
	<remarks/>
</member><member name="M:MezziRicezioneWs.MezziRicezione.UpdateAsync(MezziRicezioneWs.MezzoRicezioneInfo)">
	<remarks/>
</member><member name="M:MezziRicezioneWs.MezziRicezione.UpdateAsync(MezziRicezioneWs.MezzoRicezioneInfo,System.Object)">
	<remarks/>
</member><member name="M:MezziRicezioneWs.MezziRicezione.CancelAsync(System.Object)">
	<remarks/>
</member><member name="T:MezziRicezioneWs.MezziRicezione">
	<remarks/>
</member><member name="P:MezziRicezioneWs.MyHeader.SessionId">
	<remarks/>
</member><member name="P:MezziRicezioneWs.MyHeader.AnyAttr">
	<remarks/>
</member><member name="T:MezziRicezioneWs.MyHeader">
	<remarks/>
</member><member name="P:MezziRicezioneWs.MezzoRicezioneInfo.IdMezzoRicezione">
	<remarks/>
</member><member name="P:MezziRicezioneWs.MezzoRicezioneInfo.MezzoRicezione">
	<remarks/>
</member><member name="P:MezziRicezioneWs.MezzoRicezioneInfo.UserName">
	<remarks/>
</member><member name="T:MezziRicezioneWs.MezzoRicezioneInfo">
	<remarks/>
</member><member name="F:MezziRicezioneWs.Result.Exist">
	<remarks/>
</member><member name="F:MezziRicezioneWs.Result.Success">
	<remarks/>
</member><member name="F:MezziRicezioneWs.Result.Error">
	<remarks/>
</member><member name="T:MezziRicezioneWs.Result">
	<remarks/>
</member><member name="T:MezziRicezioneWs.GetDataPagedCompletedEventHandler">
	<remarks/>
</member><member name="P:MezziRicezioneWs.GetDataPagedCompletedEventArgs.Result">
	<remarks/>
</member><member name="P:MezziRicezioneWs.GetDataPagedCompletedEventArgs.recCount">
	<remarks/>
</member><member name="T:MezziRicezioneWs.GetDataPagedCompletedEventArgs">
	<remarks/>
</member><member name="T:MezziRicezioneWs.GetDataByIdCompletedEventHandler">
	<remarks/>
</member><member name="P:MezziRicezioneWs.GetDataByIdCompletedEventArgs.Result">
	<remarks/>
</member><member name="T:MezziRicezioneWs.GetDataByIdCompletedEventArgs">
	<remarks/>
</member><member name="T:MezziRicezioneWs.GetDataCompletedEventHandler">
	<remarks/>
</member><member name="P:MezziRicezioneWs.GetDataCompletedEventArgs.Result">
	<remarks/>
</member><member name="T:MezziRicezioneWs.GetDataCompletedEventArgs">
	<remarks/>
</member><member name="T:MezziRicezioneWs.CreateCompletedEventHandler">
	<remarks/>
</member><member name="P:MezziRicezioneWs.CreateCompletedEventArgs.Result">
	<remarks/>
</member><member name="T:MezziRicezioneWs.CreateCompletedEventArgs">
	<remarks/>
</member><member name="T:MezziRicezioneWs.UpdateCompletedEventHandler">
	<remarks/>
</member><member name="P:MezziRicezioneWs.UpdateCompletedEventArgs.Result">
	<remarks/>
</member><member name="T:MezziRicezioneWs.UpdateCompletedEventArgs">
	<remarks/>
</member><member name="M:MittentiWs.Mittenti.#ctor">
	<remarks/>
</member><member name="E:MittentiWs.Mittenti.GetDataCompleted">
	<remarks/>
</member><member name="E:MittentiWs.Mittenti.GetDataByIdProtocolloCompleted">
	<remarks/>
</member><member name="E:MittentiWs.Mittenti.CreateCompleted">
	<remarks/>
</member><member name="M:MittentiWs.Mittenti.GetData(System.String)">
	<remarks/>
</member><member name="M:MittentiWs.Mittenti.GetDataAsync(System.String)">
	<remarks/>
</member><member name="M:MittentiWs.Mittenti.GetDataAsync(System.String,System.Object)">
	<remarks/>
</member><member name="M:MittentiWs.Mittenti.GetDataByIdProtocollo(System.Int32)">
	<remarks/>
</member><member name="M:MittentiWs.Mittenti.GetDataByIdProtocolloAsync(System.Int32)">
	<remarks/>
</member><member name="M:MittentiWs.Mittenti.GetDataByIdProtocolloAsync(System.Int32,System.Object)">
	<remarks/>
</member><member name="M:MittentiWs.Mittenti.Create(MittentiWs.FileUpDownInfo)">
	<remarks/>
</member><member name="M:MittentiWs.Mittenti.CreateAsync(MittentiWs.FileUpDownInfo)">
	<remarks/>
</member><member name="M:MittentiWs.Mittenti.CreateAsync(MittentiWs.FileUpDownInfo,System.Object)">
	<remarks/>
</member><member name="M:MittentiWs.Mittenti.CancelAsync(System.Object)">
	<remarks/>
</member><member name="T:MittentiWs.Mittenti">
	<remarks/>
</member><member name="P:MittentiWs.MyHeader.SessionId">
	<remarks/>
</member><member name="P:MittentiWs.MyHeader.AnyAttr">
	<remarks/>
</member><member name="T:MittentiWs.MyHeader">
	<remarks/>
</member><member name="P:MittentiWs.FileUpDownInfo.IdFile">
	<remarks/>
</member><member name="P:MittentiWs.FileUpDownInfo.FileData">
	<remarks/>
</member><member name="P:MittentiWs.FileUpDownInfo.TiffData">
	<remarks/>
</member><member name="P:MittentiWs.FileUpDownInfo.FileName">
	<remarks/>
</member><member name="P:MittentiWs.FileUpDownInfo.FileType">
	<remarks/>
</member><member name="P:MittentiWs.FileUpDownInfo.IdProtocollo">
	<remarks/>
</member><member name="T:MittentiWs.FileUpDownInfo">
	<remarks/>
</member><member name="P:MittentiWs.MittenteInfo.IdMittente">
	<remarks/>
</member><member name="P:MittentiWs.MittenteInfo.RagioneSociale">
	<remarks/>
</member><member name="P:MittentiWs.MittenteInfo.Indirizzo">
	<remarks/>
</member><member name="P:MittentiWs.MittenteInfo.Matricola">
	<remarks/>
</member><member name="P:MittentiWs.MittenteInfo.Citta">
	<remarks/>
</member><member name="P:MittentiWs.MittenteInfo.FlagPignoramento">
	<remarks/>
</member><member name="P:MittentiWs.MittenteInfo.PercorsoNas">
	<remarks/>
</member><member name="P:MittentiWs.MittenteInfo.Cap">
	<remarks/>
</member><member name="P:MittentiWs.MittenteInfo.UnitaPersona">
	<remarks/>
</member><member name="T:MittentiWs.MittenteInfo">
	<remarks/>
</member><member name="T:MittentiWs.GetDataCompletedEventHandler">
	<remarks/>
</member><member name="P:MittentiWs.GetDataCompletedEventArgs.Result">
	<remarks/>
</member><member name="T:MittentiWs.GetDataCompletedEventArgs">
	<remarks/>
</member><member name="T:MittentiWs.GetDataByIdProtocolloCompletedEventHandler">
	<remarks/>
</member><member name="P:MittentiWs.GetDataByIdProtocolloCompletedEventArgs.Result">
	<remarks/>
</member><member name="T:MittentiWs.GetDataByIdProtocolloCompletedEventArgs">
	<remarks/>
</member><member name="T:MittentiWs.CreateCompletedEventHandler">
	<remarks/>
</member><member name="P:MittentiWs.CreateCompletedEventArgs.Result">
	<remarks/>
</member><member name="T:MittentiWs.CreateCompletedEventArgs">
	<remarks/>
</member><member name="M:ProtocolliWs.Protocolli.#ctor">
	<remarks/>
</member><member name="E:ProtocolliWs.Protocolli.TestConnectionCompleted">
	<remarks/>
</member><member name="E:ProtocolliWs.Protocolli.GetDateTimeCompleted">
	<remarks/>
</member><member name="E:ProtocolliWs.Protocolli.GetDataPagedCompleted">
	<remarks/>
</member><member name="E:ProtocolliWs.Protocolli.GetDataByUserCompleted">
	<remarks/>
</member><member name="E:ProtocolliWs.Protocolli.CreateProtocolloInvioCompleted">
	<remarks/>
</member><member name="E:ProtocolliWs.Protocolli.UpdateProtocolloInvioCompleted">
	<remarks/>
</member><member name="E:ProtocolliWs.Protocolli.DeleteCompleted">
	<remarks/>
</member><member name="E:ProtocolliWs.Protocolli.RemoveLockCompleted">
	<remarks/>
</member><member name="M:ProtocolliWs.Protocolli.TestConnection">
	<remarks/>
</member><member name="M:ProtocolliWs.Protocolli.TestConnectionAsync">
	<remarks/>
</member><member name="M:ProtocolliWs.Protocolli.TestConnectionAsync(System.Object)">
	<remarks/>
</member><member name="M:ProtocolliWs.Protocolli.GetDateTime">
	<remarks/>
</member><member name="M:ProtocolliWs.Protocolli.GetDateTimeAsync">
	<remarks/>
</member><member name="M:ProtocolliWs.Protocolli.GetDateTimeAsync(System.Object)">
	<remarks/>
</member><member name="M:ProtocolliWs.Protocolli.GetDataPaged(ProtocolliWs.ProtocolloInfo,System.Int32,System.Int32,System.Int32@)">
	<remarks/>
</member><member name="M:ProtocolliWs.Protocolli.GetDataPagedAsync(ProtocolliWs.ProtocolloInfo,System.Int32,System.Int32,System.Int32)">
	<remarks/>
</member><member name="M:ProtocolliWs.Protocolli.GetDataPagedAsync(ProtocolliWs.ProtocolloInfo,System.Int32,System.Int32,System.Int32,System.Object)">
	<remarks/>
</member><member name="M:ProtocolliWs.Protocolli.GetDataByUser(System.Int32,System.String)">
	<remarks/>
</member><member name="M:ProtocolliWs.Protocolli.GetDataByUserAsync(System.Int32,System.String)">
	<remarks/>
</member><member name="M:ProtocolliWs.Protocolli.GetDataByUserAsync(System.Int32,System.String,System.Object)">
	<remarks/>
</member><member name="M:ProtocolliWs.Protocolli.CreateProtocolloInvio(ProtocolliWs.ProtocolloInfo,ProtocolliWs.MittenteInfo[],ProtocolliWs.DestinatarioInfo[])">
	<remarks/>
</member><member name="M:ProtocolliWs.Protocolli.CreateProtocolloInvioAsync(ProtocolliWs.ProtocolloInfo,ProtocolliWs.MittenteInfo[],ProtocolliWs.DestinatarioInfo[])">
	<remarks/>
</member><member name="M:ProtocolliWs.Protocolli.CreateProtocolloInvioAsync(ProtocolliWs.ProtocolloInfo,ProtocolliWs.MittenteInfo[],ProtocolliWs.DestinatarioInfo[],System.Object)">
	<remarks/>
</member><member name="M:ProtocolliWs.Protocolli.UpdateProtocolloInvio(ProtocolliWs.ProtocolloInfo,ProtocolliWs.MittenteInfo[],ProtocolliWs.DestinatarioInfo[],ProtocolliWs.FileUpDownInfo)">
	<remarks/>
</member><member name="M:ProtocolliWs.Protocolli.UpdateProtocolloInvioAsync(ProtocolliWs.ProtocolloInfo,ProtocolliWs.MittenteInfo[],ProtocolliWs.DestinatarioInfo[],ProtocolliWs.FileUpDownInfo)">
	<remarks/>
</member><member name="M:ProtocolliWs.Protocolli.UpdateProtocolloInvioAsync(ProtocolliWs.ProtocolloInfo,ProtocolliWs.MittenteInfo[],ProtocolliWs.DestinatarioInfo[],ProtocolliWs.FileUpDownInfo,System.Object)">
	<remarks/>
</member><member name="M:ProtocolliWs.Protocolli.Delete(System.Int32)">
	<remarks/>
</member><member name="M:ProtocolliWs.Protocolli.DeleteAsync(System.Int32)">
	<remarks/>
</member><member name="M:ProtocolliWs.Protocolli.DeleteAsync(System.Int32,System.Object)">
	<remarks/>
</member><member name="M:ProtocolliWs.Protocolli.RemoveLock(System.Int32,System.String)">
	<remarks/>
</member><member name="M:ProtocolliWs.Protocolli.RemoveLockAsync(System.Int32,System.String)">
	<remarks/>
</member><member name="M:ProtocolliWs.Protocolli.RemoveLockAsync(System.Int32,System.String,System.Object)">
	<remarks/>
</member><member name="M:ProtocolliWs.Protocolli.CancelAsync(System.Object)">
	<remarks/>
</member><member name="T:ProtocolliWs.Protocolli">
	<remarks/>
</member><member name="P:ProtocolliWs.MyHeader.SessionId">
	<remarks/>
</member><member name="P:ProtocolliWs.MyHeader.AnyAttr">
	<remarks/>
</member><member name="T:ProtocolliWs.MyHeader">
	<remarks/>
</member><member name="P:ProtocolliWs.FileUpDownInfo.IdFile">
	<remarks/>
</member><member name="P:ProtocolliWs.FileUpDownInfo.FileData">
	<remarks/>
</member><member name="P:ProtocolliWs.FileUpDownInfo.TiffData">
	<remarks/>
</member><member name="P:ProtocolliWs.FileUpDownInfo.FileName">
	<remarks/>
</member><member name="P:ProtocolliWs.FileUpDownInfo.FileType">
	<remarks/>
</member><member name="P:ProtocolliWs.FileUpDownInfo.IdProtocollo">
	<remarks/>
</member><member name="T:ProtocolliWs.FileUpDownInfo">
	<remarks/>
</member><member name="P:ProtocolliWs.DestinatarioInfo.IdDestinatario">
	<remarks/>
</member><member name="P:ProtocolliWs.DestinatarioInfo.RagioneSociale">
	<remarks/>
</member><member name="P:ProtocolliWs.DestinatarioInfo.Indirizzo">
	<remarks/>
</member><member name="P:ProtocolliWs.DestinatarioInfo.Matricola">
	<remarks/>
</member><member name="P:ProtocolliWs.DestinatarioInfo.Citta">
	<remarks/>
</member><member name="P:ProtocolliWs.DestinatarioInfo.Email">
	<remarks/>
</member><member name="P:ProtocolliWs.DestinatarioInfo.Unita">
	<remarks/>
</member><member name="P:ProtocolliWs.DestinatarioInfo.UserName">
	<remarks/>
</member><member name="P:ProtocolliWs.DestinatarioInfo.FlagPignoramento">
	<remarks/>
</member><member name="P:ProtocolliWs.DestinatarioInfo.PercorsoNas">
	<remarks/>
</member><member name="P:ProtocolliWs.DestinatarioInfo.Cap">
	<remarks/>
</member><member name="P:ProtocolliWs.DestinatarioInfo.UnitaPersona">
	<remarks/>
</member><member name="T:ProtocolliWs.DestinatarioInfo">
	<remarks/>
</member><member name="P:ProtocolliWs.MittenteInfo.IdMittente">
	<remarks/>
</member><member name="P:ProtocolliWs.MittenteInfo.RagioneSociale">
	<remarks/>
</member><member name="P:ProtocolliWs.MittenteInfo.Indirizzo">
	<remarks/>
</member><member name="P:ProtocolliWs.MittenteInfo.Matricola">
	<remarks/>
</member><member name="P:ProtocolliWs.MittenteInfo.Citta">
	<remarks/>
</member><member name="P:ProtocolliWs.MittenteInfo.FlagPignoramento">
	<remarks/>
</member><member name="P:ProtocolliWs.MittenteInfo.PercorsoNas">
	<remarks/>
</member><member name="P:ProtocolliWs.MittenteInfo.Cap">
	<remarks/>
</member><member name="P:ProtocolliWs.MittenteInfo.UnitaPersona">
	<remarks/>
</member><member name="T:ProtocolliWs.MittenteInfo">
	<remarks/>
</member><member name="P:ProtocolliWs.ProtocolloInfo.RecordCount">
	<remarks/>
</member><member name="P:ProtocolliWs.ProtocolloInfo.IdProtocollo">
	<remarks/>
</member><member name="P:ProtocolliWs.ProtocolloInfo.File">
	<remarks/>
</member><member name="P:ProtocolliWs.ProtocolloInfo.NrProtocollo">
	<remarks/>
</member><member name="P:ProtocolliWs.ProtocolloInfo.NrProtocolloDa">
	<remarks/>
</member><member name="P:ProtocolliWs.ProtocolloInfo.NrProtocolloA">
	<remarks/>
</member><member name="P:ProtocolliWs.ProtocolloInfo.AnnoProtocollo">
	<remarks/>
</member><member name="P:ProtocolliWs.ProtocolloInfo.DataProtocolloDa">
	<remarks/>
</member><member name="P:ProtocolliWs.ProtocolloInfo.DataProtocolloA">
	<remarks/>
</member><member name="P:ProtocolliWs.ProtocolloInfo.DataLetteraDa">
	<remarks/>
</member><member name="P:ProtocolliWs.ProtocolloInfo.DataLetteraA">
	<remarks/>
</member><member name="P:ProtocolliWs.ProtocolloInfo.IdMittenti">
	<remarks/>
</member><member name="P:ProtocolliWs.ProtocolloInfo.Mittenti">
	<remarks/>
</member><member name="P:ProtocolliWs.ProtocolloInfo.Destinatari">
	<remarks/>
</member><member name="P:ProtocolliWs.ProtocolloInfo.IdTipoDocumento">
	<remarks/>
</member><member name="P:ProtocolliWs.ProtocolloInfo.TipoDocumento">
	<remarks/>
</member><member name="P:ProtocolliWs.ProtocolloInfo.ProtocolloMittente">
	<remarks/>
</member><member name="P:ProtocolliWs.ProtocolloInfo.IdDestinatari">
	<remarks/>
</member><member name="P:ProtocolliWs.ProtocolloInfo.IdMezzoRicezione">
	<remarks/>
</member><member name="P:ProtocolliWs.ProtocolloInfo.MezzoRicezione">
	<remarks/>
</member><member name="P:ProtocolliWs.ProtocolloInfo.Oggetto">
	<remarks/>
</member><member name="P:ProtocolliWs.ProtocolloInfo.Note">
	<remarks/>
</member><member name="P:ProtocolliWs.ProtocolloInfo.FlagEmail">
	<remarks/>
</member><member name="P:ProtocolliWs.ProtocolloInfo.FlagProtInvio">
	<remarks/>
</member><member name="P:ProtocolliWs.ProtocolloInfo.FlagScanner">
	<remarks/>
</member><member name="P:ProtocolliWs.ProtocolloInfo.UserName">
	<remarks/>
</member><member name="P:ProtocolliWs.ProtocolloInfo.LockTimeStamp">
	<remarks/>
</member><member name="P:ProtocolliWs.ProtocolloInfo.LockStatus">
	<remarks/>
</member><member name="T:ProtocolliWs.ProtocolloInfo">
	<remarks/>
</member><member name="F:ProtocolliWs.LockStatusEnum.Editable">
	<remarks/>
</member><member name="F:ProtocolliWs.LockStatusEnum.NotEditable">
	<remarks/>
</member><member name="T:ProtocolliWs.LockStatusEnum">
	<remarks/>
</member><member name="T:ProtocolliWs.TestConnectionCompletedEventHandler">
	<remarks/>
</member><member name="P:ProtocolliWs.TestConnectionCompletedEventArgs.Result">
	<remarks/>
</member><member name="T:ProtocolliWs.TestConnectionCompletedEventArgs">
	<remarks/>
</member><member name="T:ProtocolliWs.GetDateTimeCompletedEventHandler">
	<remarks/>
</member><member name="P:ProtocolliWs.GetDateTimeCompletedEventArgs.Result">
	<remarks/>
</member><member name="T:ProtocolliWs.GetDateTimeCompletedEventArgs">
	<remarks/>
</member><member name="T:ProtocolliWs.GetDataPagedCompletedEventHandler">
	<remarks/>
</member><member name="P:ProtocolliWs.GetDataPagedCompletedEventArgs.Result">
	<remarks/>
</member><member name="P:ProtocolliWs.GetDataPagedCompletedEventArgs.RecCount">
	<remarks/>
</member><member name="T:ProtocolliWs.GetDataPagedCompletedEventArgs">
	<remarks/>
</member><member name="T:ProtocolliWs.GetDataByUserCompletedEventHandler">
	<remarks/>
</member><member name="P:ProtocolliWs.GetDataByUserCompletedEventArgs.Result">
	<remarks/>
</member><member name="T:ProtocolliWs.GetDataByUserCompletedEventArgs">
	<remarks/>
</member><member name="T:ProtocolliWs.CreateProtocolloInvioCompletedEventHandler">
	<remarks/>
</member><member name="P:ProtocolliWs.CreateProtocolloInvioCompletedEventArgs.Result">
	<remarks/>
</member><member name="T:ProtocolliWs.CreateProtocolloInvioCompletedEventArgs">
	<remarks/>
</member><member name="T:ProtocolliWs.UpdateProtocolloInvioCompletedEventHandler">
	<remarks/>
</member><member name="P:ProtocolliWs.UpdateProtocolloInvioCompletedEventArgs.Result">
	<remarks/>
</member><member name="T:ProtocolliWs.UpdateProtocolloInvioCompletedEventArgs">
	<remarks/>
</member><member name="T:ProtocolliWs.DeleteCompletedEventHandler">
	<remarks/>
</member><member name="T:ProtocolliWs.RemoveLockCompletedEventHandler">
	<remarks/>
</member><member name="M:AccessRights.PreAccessRightsService.#ctor">
	<remarks/>
</member><member name="E:AccessRights.PreAccessRightsService.getUserAccessRightCompleted">
	<remarks/>
</member><member name="M:AccessRights.PreAccessRightsService.getUserAccessRight(System.String,System.String)">
	<remarks/>
</member><member name="M:AccessRights.PreAccessRightsService.getUserAccessRightAsync(System.String,System.String)">
	<remarks/>
</member><member name="M:AccessRights.PreAccessRightsService.getUserAccessRightAsync(System.String,System.String,System.Object)">
	<remarks/>
</member><member name="M:AccessRights.PreAccessRightsService.CancelAsync(System.Object)">
	<remarks/>
</member><member name="T:AccessRights.PreAccessRightsService">
	<remarks/>
</member><member name="P:AccessRights.PreUserAccessRight.applicationProfile">
	<remarks/>
</member><member name="P:AccessRights.PreUserAccessRight.assignmentBranch">
	<remarks/>
</member><member name="P:AccessRights.PreUserAccessRight.assignmentOffice">
	<remarks/>
</member><member name="P:AccessRights.PreUserAccessRight.bankTower">
	<remarks/>
</member><member name="P:AccessRights.PreUserAccessRight.branchName">
	<remarks/>
</member><member name="P:AccessRights.PreUserAccessRight.centralBankCode">
	<remarks/>
</member><member name="P:AccessRights.PreUserAccessRight.centralBranchCode">
	<remarks/>
</member><member name="P:AccessRights.PreUserAccessRight.connectionBranch">
	<remarks/>
</member><member name="P:AccessRights.PreUserAccessRight.eurosigBankCode">
	<remarks/>
</member><member name="P:AccessRights.PreUserAccessRight.firstName">
	<remarks/>
</member><member name="P:AccessRights.PreUserAccessRight.lastName">
	<remarks/>
</member><member name="P:AccessRights.PreUserAccessRight.operationalDomain">
	<remarks/>
</member><member name="P:AccessRights.PreUserAccessRight.portfolioManagerCode">
	<remarks/>
</member><member name="P:AccessRights.PreUserAccessRight.professionalRole">
	<remarks/>
</member><member name="P:AccessRights.PreUserAccessRight.setAccountingCode">
	<remarks/>
</member><member name="P:AccessRights.PreUserAccessRight.userCompanyCode">
	<remarks/>
</member><member name="P:AccessRights.PreUserAccessRight.userid">
	<remarks/>
</member><member name="P:AccessRights.PreUserAccessRight.userNumber">
	<remarks/>
</member><member name="T:AccessRights.PreUserAccessRight">
	<remarks/>
</member><member name="T:AccessRights.getUserAccessRightCompletedEventHandler">
	<remarks/>
</member><member name="P:AccessRights.getUserAccessRightCompletedEventArgs.Result">
	<remarks/>
</member><member name="T:AccessRights.getUserAccessRightCompletedEventArgs">
	<remarks/>
</member><member name="M:FileUpDownWs.FileUpDown.#ctor">
	<remarks/>
</member><member name="E:FileUpDownWs.FileUpDown.GetDataCompleted">
	<remarks/>
</member><member name="E:FileUpDownWs.FileUpDown.CreateFileCompleted">
	<remarks/>
</member><member name="M:FileUpDownWs.FileUpDown.GetData(System.Int32)">
	<remarks/>
</member><member name="M:FileUpDownWs.FileUpDown.GetDataAsync(System.Int32)">
	<remarks/>
</member><member name="M:FileUpDownWs.FileUpDown.GetDataAsync(System.Int32,System.Object)">
	<remarks/>
</member><member name="M:FileUpDownWs.FileUpDown.CreateFile(FileUpDownWs.FileUpDownInfo,System.Boolean)">
	<remarks/>
</member><member name="M:FileUpDownWs.FileUpDown.CreateFileAsync(FileUpDownWs.FileUpDownInfo,System.Boolean)">
	<remarks/>
</member><member name="M:FileUpDownWs.FileUpDown.CreateFileAsync(FileUpDownWs.FileUpDownInfo,System.Boolean,System.Object)">
	<remarks/>
</member><member name="M:FileUpDownWs.FileUpDown.CancelAsync(System.Object)">
	<remarks/>
</member><member name="T:FileUpDownWs.FileUpDown">
	<remarks/>
</member><member name="P:FileUpDownWs.MyHeader.SessionId">
	<remarks/>
</member><member name="P:FileUpDownWs.MyHeader.AnyAttr">
	<remarks/>
</member><member name="T:FileUpDownWs.MyHeader">
	<remarks/>
</member><member name="P:FileUpDownWs.FileUpDownInfo.IdFile">
	<remarks/>
</member><member name="P:FileUpDownWs.FileUpDownInfo.FileData">
	<remarks/>
</member><member name="P:FileUpDownWs.FileUpDownInfo.TiffData">
	<remarks/>
</member><member name="P:FileUpDownWs.FileUpDownInfo.FileName">
	<remarks/>
</member><member name="P:FileUpDownWs.FileUpDownInfo.FileType">
	<remarks/>
</member><member name="P:FileUpDownWs.FileUpDownInfo.IdProtocollo">
	<remarks/>
</member><member name="T:FileUpDownWs.FileUpDownInfo">
	<remarks/>
</member><member name="T:FileUpDownWs.GetDataCompletedEventHandler">
	<remarks/>
</member><member name="P:FileUpDownWs.GetDataCompletedEventArgs.Result">
	<remarks/>
</member><member name="T:FileUpDownWs.GetDataCompletedEventArgs">
	<remarks/>
</member><member name="T:FileUpDownWs.CreateFileCompletedEventHandler">
	<remarks/>
</member><member name="P:FileUpDownWs.CreateFileCompletedEventArgs.Result">
	<remarks/>
</member><member name="T:FileUpDownWs.CreateFileCompletedEventArgs">
	<remarks/>
</member><member name="M:AuthenticationWS.Authentication.#ctor">
	<remarks/>
</member><member name="E:AuthenticationWS.Authentication.AuthenticateCompleted">
	<remarks/>
</member><member name="E:AuthenticationWS.Authentication.ResetSessionIdCompleted">
	<remarks/>
</member><member name="M:AuthenticationWS.Authentication.Authenticate(System.String)">
	<remarks/>
</member><member name="M:AuthenticationWS.Authentication.AuthenticateAsync(System.String)">
	<remarks/>
</member><member name="M:AuthenticationWS.Authentication.AuthenticateAsync(System.String,System.Object)">
	<remarks/>
</member><member name="M:AuthenticationWS.Authentication.ResetSessionId">
	<remarks/>
</member><member name="M:AuthenticationWS.Authentication.ResetSessionIdAsync">
	<remarks/>
</member><member name="M:AuthenticationWS.Authentication.ResetSessionIdAsync(System.Object)">
	<remarks/>
</member><member name="M:AuthenticationWS.Authentication.CancelAsync(System.Object)">
	<remarks/>
</member><member name="T:AuthenticationWS.Authentication">
	<remarks/>
</member><member name="P:AuthenticationWS.MyHeader.SessionId">
	<remarks/>
</member><member name="P:AuthenticationWS.MyHeader.AnyAttr">
	<remarks/>
</member><member name="T:AuthenticationWS.MyHeader">
	<remarks/>
</member><member name="T:AuthenticationWS.AuthenticateCompletedEventHandler">
	<remarks/>
</member><member name="P:AuthenticationWS.AuthenticateCompletedEventArgs.Result">
	<remarks/>
</member><member name="T:AuthenticationWS.AuthenticateCompletedEventArgs">
	<remarks/>
</member><member name="T:AuthenticationWS.ResetSessionIdCompletedEventHandler">
	<remarks/>
</member><member name="P:AuthenticationWS.ResetSessionIdCompletedEventArgs.Result">
	<remarks/>
</member><member name="T:AuthenticationWS.ResetSessionIdCompletedEventArgs">
	<remarks/>
</member><member name="M:Scanner.ScanPNG">
	<summary>
 Scan a image with PNG Format
 </summary>
	<returns></returns>
</member><member name="M:Scanner.ScanJPEG">
	<summary>
 Scan a image with JPEG Format
 </summary>
	<returns></returns>
</member><member name="M:Scanner.ScanTIFF">
	<summary>
 Scan a image with TIFF Format
 </summary>
	<returns></returns>
</member><member name="M:Scanner.AdjustScannerSettings(WIA.IItem,System.Int32,System.Int32,System.Int32,System.Int32,System.Int32,System.Int32,System.Int32,System.Int32)">
	<summary>
 Adjusts the settings of the scanner with the providen parameters.
 </summary>
	<param name="scannnerItem">Expects a </param>
	<param name="scanResolutionDPI">Provide the DPI resolution that should be used e.g 150</param>
	<param name="scanStartLeftPixel"></param>
	<param name="scanStartTopPixel"></param>
	<param name="scanWidthPixels"></param>
	<param name="scanHeightPixels"></param>
	<param name="brightnessPercents"></param>
	<param name="contrastPercents">Modify the contrast percent</param>
	<param name="colorMode">Set the color mode</param>
</member><member name="M:Scanner.SetWIAProperty(WIA.IProperties,System.Object,System.Object)">
	<summary>
	</summary>
	<param name="properties"></param>
	<param name="propName"></param>
	<param name="propValue"></param>
</member><member name="M:Scanner.ToString">
	<summary>
 Declare the ToString method
 </summary>
	<returns></returns>
</member><member name="M:ScanForm.LoadImageSafe(System.String)">
	<summary>Loads an image without locking the underlying file.</summary>
	<param name="path">Path of the image to load</param>
	<returns>The image</returns>
</member>
</members>
</doc>